{
    "name": "root",
    "metadata": {
        "timer_format_version": "0.1.0",
        "start_time_seconds": "1737189265",
        "python_version": "3.10.12 (main, Aug 16 2023, 20:13:22) [GCC 12.2.0]",
        "command_line_arguments": "/usr/local/bin/mlagents-learn config/rollerBall_config.yaml --run-id=run02 --force",
        "mlagents_version": "1.1.0",
        "mlagents_envs_version": "1.1.0",
        "communication_protocol_version": "1.5.0",
        "pytorch_version": "2.5.1+cu124",
        "numpy_version": "1.23.5",
        "end_time_seconds": "1737189355"
    },
    "total": 89.52825665299315,
    "count": 1,
    "self": 0.032848349001142196,
    "children": {
        "run_training.setup": {
            "total": 0.04464364699379075,
            "count": 1,
            "self": 0.04464364699379075
        },
        "TrainerController.start_learning": {
            "total": 89.45076465699822,
            "count": 1,
            "self": 0.11559934572142083,
            "children": {
                "TrainerController._reset_env": {
                    "total": 15.333146828997997,
                    "count": 1,
                    "self": 15.333146828997997
                },
                "TrainerController.advance": {
                    "total": 73.69734632629843,
                    "count": 4716,
                    "self": 0.09554315450077411,
                    "children": {
                        "env_step": {
                            "total": 68.27340252822614,
                            "count": 4716,
                            "self": 64.0483194780827,
                            "children": {
                                "SubprocessEnvManager._take_step": {
                                    "total": 4.152801596967038,
                                    "count": 4716,
                                    "self": 0.3408851697022328,
                                    "children": {
                                        "TorchPolicy.evaluate": {
                                            "total": 3.811916427264805,
                                            "count": 4374,
                                            "self": 3.811916427264805
                                        }
                                    }
                                },
                                "workers": {
                                    "total": 0.07228145317640156,
                                    "count": 4715,
                                    "self": 0.0,
                                    "children": {
                                        "worker_root": {
                                            "total": 81.09853032803221,
                                            "count": 4715,
                                            "is_parallel": true,
                                            "self": 30.551681091819773,
                                            "children": {
                                                "run_training.setup": {
                                                    "total": 0.0,
                                                    "count": 0,
                                                    "is_parallel": true,
                                                    "self": 0.0,
                                                    "children": {
                                                        "steps_from_proto": {
                                                            "total": 0.001354123989585787,
                                                            "count": 1,
                                                            "is_parallel": true,
                                                            "self": 0.00036772398743778467,
                                                            "children": {
                                                                "_process_rank_one_or_two_observation": {
                                                                    "total": 0.0009864000021480024,
                                                                    "count": 2,
                                                                    "is_parallel": true,
                                                                    "self": 0.0009864000021480024
                                                                }
                                                            }
                                                        },
                                                        "UnityEnvironment.step": {
                                                            "total": 0.02218544798961375,
                                                            "count": 1,
                                                            "is_parallel": true,
                                                            "self": 0.00011086197628173977,
                                                            "children": {
                                                                "UnityEnvironment._generate_step_input": {
                                                                    "total": 0.00014267100777942687,
                                                                    "count": 1,
                                                                    "is_parallel": true,
                                                                    "self": 0.00014267100777942687
                                                                },
                                                                "communicator.exchange": {
                                                                    "total": 0.021689825007342733,
                                                                    "count": 1,
                                                                    "is_parallel": true,
                                                                    "self": 0.021689825007342733
                                                                },
                                                                "steps_from_proto": {
                                                                    "total": 0.000242089998209849,
                                                                    "count": 1,
                                                                    "is_parallel": true,
                                                                    "self": 9.789101022761315e-05,
                                                                    "children": {
                                                                        "_process_rank_one_or_two_observation": {
                                                                            "total": 0.00014419898798223585,
                                                                            "count": 2,
                                                                            "is_parallel": true,
                                                                            "self": 0.00014419898798223585
                                                                        }
                                                                    }
                                                                }
                                                            }
                                                        }
                                                    }
                                                },
                                                "UnityEnvironment.step": {
                                                    "total": 50.54684923621244,
                                                    "count": 4714,
                                                    "is_parallel": true,
                                                    "self": 0.5379625260538887,